{"cameraMode":{"drawMode":0,"name":"Shaded","section":"Shading Mode"},"sceneLighting":true,"audioPlay":false,"sceneViewState":{"m_AlwaysRefresh":false,"showFog":true,"showSkybox":true,"showFlares":true,"showImageEffects":true,"showParticleSystems":true,"showVisualEffectGraphs":true,"m_FxEnabled":true},"in2DMode":false,"pivot":{"x":1.0515327453613282,"y":1.3719675540924073,"z":-0.7382431030273438},"rotation":{"x":0.07342901825904846,"y":0.010471444576978684,"z":-0.0007736191037110984,"w":0.9972388744354248},"size":1.0208611488342286,"orthographic":false}